{
  "best_global_step": null,
  "best_metric": null,
  "best_model_checkpoint": null,
  "epoch": 0.6666666666666666,
  "eval_steps": 50,
  "global_step": 100,
  "is_hyper_param_search": false,
  "is_local_process_zero": true,
  "is_world_process_zero": true,
  "log_history": [
    {
      "epoch": 0.06666666666666667,
      "grad_norm": 30.522340774536133,
      "learning_rate": 4.85e-05,
      "loss": 2.021,
      "step": 10
    },
    {
      "epoch": 0.13333333333333333,
      "grad_norm": 11.840377807617188,
      "learning_rate": 4.683333333333334e-05,
      "loss": 0.5731,
      "step": 20
    },
    {
      "epoch": 0.2,
      "grad_norm": 17.020301818847656,
      "learning_rate": 4.516666666666667e-05,
      "loss": 0.567,
      "step": 30
    },
    {
      "epoch": 0.26666666666666666,
      "grad_norm": 10.59657096862793,
      "learning_rate": 4.35e-05,
      "loss": 0.5561,
      "step": 40
    },
    {
      "epoch": 0.3333333333333333,
      "grad_norm": 13.296041488647461,
      "learning_rate": 4.183333333333334e-05,
      "loss": 0.4849,
      "step": 50
    },
    {
      "epoch": 0.3333333333333333,
      "eval_loss": 3.1110291481018066,
      "eval_runtime": 10.0849,
      "eval_samples_per_second": 2.975,
      "eval_steps_per_second": 2.975,
      "step": 50
    },
    {
      "epoch": 0.4,
      "grad_norm": 13.700177192687988,
      "learning_rate": 4.016666666666667e-05,
      "loss": 0.4754,
      "step": 60
    },
    {
      "epoch": 0.4666666666666667,
      "grad_norm": 9.381585121154785,
      "learning_rate": 3.85e-05,
      "loss": 0.5132,
      "step": 70
    },
    {
      "epoch": 0.5333333333333333,
      "grad_norm": 9.96692180633545,
      "learning_rate": 3.683333333333334e-05,
      "loss": 0.4281,
      "step": 80
    },
    {
      "epoch": 0.6,
      "grad_norm": 18.48086166381836,
      "learning_rate": 3.516666666666667e-05,
      "loss": 0.5269,
      "step": 90
    },
    {
      "epoch": 0.6666666666666666,
      "grad_norm": 7.070434093475342,
      "learning_rate": 3.35e-05,
      "loss": 0.5464,
      "step": 100
    },
    {
      "epoch": 0.6666666666666666,
      "eval_loss": 3.6753990650177,
      "eval_runtime": 16.1811,
      "eval_samples_per_second": 1.854,
      "eval_steps_per_second": 1.854,
      "step": 100
    }
  ],
  "logging_steps": 10,
  "max_steps": 300,
  "num_input_tokens_seen": 0,
  "num_train_epochs": 2,
  "save_steps": 50,
  "stateful_callbacks": {
    "TrainerControl": {
      "args": {
        "should_epoch_stop": false,
        "should_evaluate": false,
        "should_log": false,
        "should_save": true,
        "should_training_stop": false
      },
      "attributes": {}
    }
  },
  "total_flos": 1.480246620585984e+17,
  "train_batch_size": 1,
  "trial_name": null,
  "trial_params": null
}
